Time (s),ESC signal (µs),Servo 1 (µs),Servo 2 (µs),Servo 3 (µs),AccX (g),AccY (g),AccZ (g),Torque (N·m),Thrust (kgf),Voltage (V),Current (A),Motor Electrical Speed (RPM),Motor Optical Speed (RPM),Electrical Power (W),Mechanical Power (W),Motor Efficiency (%),Propeller Mech. Efficiency (kgf/W),Overall Efficiency (kgf/W),Left Load Cell (mV),Right Load Cell (mV),Thrust Load Cell (mV),Vibration (g),Burst Current Cutoff (A),Pin State 1,Pin State 2,Pin State 3,Pin State 4,Debug 0,Debug 1,Debug 2,Debug 3,App message,
1.2387427999995742,1000,,,,-0.0625,0.02890625,-0.96662109375,-0.0003259514795821767,0.0007211816512298507,24.082937734362577,1.9243885272811532,0,0,46.34492907432441,0,0,0,0,0.23962680783626092,-0.5538748722915775,-0.5020663317732733,0.05859375,1.9248303653586922,0.03,1,1,1,0,0,0,0,,
1.3243515999997129,1050,,,,-0.0625,0.029140625,-0.9666796875,-0.0003165171196014366,-0.00030280627995936225,24.083053964636214,1.9238485713071969,0,0,46.332148572496365,0,0,0,0,0.23998835664435167,-0.5544311858039623,-0.5030903197044627,0.05859375,1.9249901411764596,0.07,1,1,1,0,0,0,0,,
