Time (s),ESC signal (µs),Servo 1 (µs),Servo 2 (µs),Servo 3 (µs),AccX (g),AccY (g),AccZ (g),Torque (N·m),Thrust (kgf),Voltage (V),Current (A),Motor Electrical Speed (RPM),Motor Optical Speed (RPM),Electrical Power (W),Mechanical Power (W),Motor Efficiency (%),Propeller Mech. Efficiency (kgf/W),Overall Efficiency (kgf/W),Left Load Cell (mV),Right Load Cell (mV),Thrust Load Cell (mV),Vibration (g),Burst Current Cutoff (A),Pin State 1,Pin State 2,Pin State 3,Pin State 4,Debug 0,Debug 1,Debug 2,Debug 3,App message,
1.2744146499996538,1000,,,,-0.0625,0.02837890625,-0.96625,0.00005846043137369112,-0.00022056318822757492,24.082751769571747,1.9219565710000186,0,0,46.28600245063565,0,0,0,0,0.23811046565740568,-0.5552348532312906,-0.5012939742460206,0.05859375,1.9222594913749023,0.07,1,1,1,0,0,0,0,,
1.3038086000005993,1050,,,,-0.0625,0.02849609375,-0.9665234375,0.00002346957324216975,-0.00019529121208651688,24.082403571449486,1.9233203703189026,0,0,46.31817756431798,0,0,0,0,0.23825520396693167,-0.5551125315284668,-0.5012687022698797,0.05859375,1.9228363081087008,0.05,1,1,1,0,0,0,0,,
7.783260650000668,1088.8888888888903,,,,-0.0625,0.02861328125,-0.966328125,0.00011309469607456974,0.00020046108634608594,24.082479802848606,1.9232952905453282,0,0,46.31771976699979,0,0,0,0,0.2380348650836444,-0.555622325456261,-0.500872949971447,0.05859375,1.9226370221769662,0.09,1,1,1,0,0,0,0,,
