Time (s),ESC signal (µs),Servo 1 (µs),Servo 2 (µs),Servo 3 (µs),AccX (g),AccY (g),AccZ (g),Torque (N·m),Thrust (kgf),Voltage (V),Current (A),Motor Electrical Speed (RPM),Motor Optical Speed (RPM),Electrical Power (W),Mechanical Power (W),Motor Efficiency (%),Propeller Mech. Efficiency (kgf/W),Overall Efficiency (kgf/W),Vibration (g),App message,
1.23605195,1000,,,,-0.0625,0.02884765625,-0.96869140625,0.00006784808809990461,0.00011550306942310906,23.83525523830581,1.8908979031487818,0,0,45.07003429182684,0,0,0,0,0.058828125,,
1.2385296999999782,1050,,,,-0.06302734375,0.029765625,-0.97248046875,0.000035933524456640723,0.00017897176329501497,23.834217692746705,1.8975941307972486,0,0,45.22767099659296,0,0,0,0,0.07087890625,,
8.533044699999987,1137.5,,,,-0.06861328125,0.0332421875,-0.97564453125,-0.00019670398986327406,0.0050340709029414454,23.832600101592757,2.060348588370151,4802,0,49.10346403669171,0.11286725209855795,0.22973600695895285,0.022840417418920452,0.00010252657661743587,0.22337890625,,
15.813667449999983,1225,,,,-0.06798828125,0.02474609375,-0.975390625,-0.00013531196154052734,0.01716692587656688,23.827612552032857,2.349066221357864,8824,0,55.97264074532154,0.13232919106605492,0.23637810561261627,0.032954668122638336,0.0003066950876269922,0.16455078125,,
23.091111499999975,1312.5,,,,-0.067109375,0.0298828125,-0.9734375,-0.0000818868790144758,0.037118139602188224,23.819093696588965,2.800516271155832,12833,0,66.70575953153383,0.4675902854116344,0.7013213352992197,0.054106047373558626,0.0005564717997968522,0.1683203125,,
