Time (s),ESC signal (µs),Servo 1 (µs),Servo 2 (µs),Servo 3 (µs),AccX (g),AccY (g),AccZ (g),Torque (N·m),Thrust (kgf),Voltage (V),Current (A),Motor Electrical Speed (RPM),Motor Optical Speed (RPM),Electrical Power (W),Mechanical Power (W),Motor Efficiency (%),Propeller Mech. Efficiency (kgf/W),Overall Efficiency (kgf/W),Vibration (g),App message,
1.2178699999999956,1000,,,,-0.0625,0.028671875,-0.96865234375,-0.000004158515677394307,-0.0002763898739359122,23.830075622310673,1.8894150387690474,0,0,45.02490324200121,0,0,0,0,0.05892578125,,
1.2724729000000272,1175,,,,-0.06650390625,0.0287890625,-0.97791015625,-0.0001102008174348832,0.009063629539763635,23.82586287584011,2.1624479394524196,6520,0,51.52218754646413,0.08346321398149517,0.16197701339514506,0.04103582720470917,0.00017592212511715957,0.77583984375,,
7.941791050000022,1231.25,,,,-0.0652734375,0.03193359375,-0.97658203125,-0.00022956913058319343,0.017930964814609575,23.82174710988381,2.370728690680535,9096,0,56.47489931701927,0.2187042511091438,0.38729441786839336,0.0403369432484894,0.0003175018531917725,0.16857421875,,
14.592718800000025,1287.5,,,,-0.0679296875,0.02912109375,-0.9786328125,-0.00019056011677766934,0.0283368271678993,23.81640213121857,2.640615535874588,11672,0,62.88996265722374,0.242540666455592,0.3853696415738345,0.032093631061170434,0.00045059384712001514,0.1666796875,,
21.246821550000018,1343.75,,,,-0.0696484375,0.02095703125,-0.98423828125,-0.00027385374283006646,0.043318370727037356,23.809981619026498,2.993794148738169,14092,0,71.28219145671049,0.4914188954562544,0.6902202179206985,0.021524057601114765,0.0006077414844115511,0.77314453125,,
