Time (s),ESC signal (µs),Servo 1 (µs),Servo 2 (µs),Servo 3 (µs),AccX (g),AccY (g),AccZ (g),Torque (N·m),Thrust (kgf),Voltage (V),Current (A),Motor Electrical Speed (RPM),Motor Optical Speed (RPM),Electrical Power (W),Mechanical Power (W),Motor Efficiency (%),Propeller Mech. Efficiency (kgf/W),Overall Efficiency (kgf/W),Vibration (g),App message,
1.232968100000047,1000,,,,-0.06375,0.0319140625,-0.97072265625,-0.0001248517037091881,-0.0007662981742562341,23.839478472114084,1.9441290377748084,0,0,46.34696871133119,0,0,0,0,0.13982421875,,
1.240325500000027,1175,,,,-0.06763671875,0.02921875,-0.974453125,-0.000490901988353732,0.007803260511104464,23.83434100465862,2.1658126111443208,0,0,51.620716821481686,0,0,0,0,0.78830078125,,
7.86842245000003,1231.25,,,,-0.0591015625,0.0251171875,-0.97556640625,-0.00041092113389538476,0.01674348261740766,23.829009449603223,2.3799966150038716,0,0,56.712963531949946,0,0,0,0,0.16263671875,,
14.494118650000024,1287.5,,,,-0.0645703125,0.025859375,-0.97705078125,-0.0005000961825740647,0.026875220387595135,23.8225857894713,2.6505185227637664,0,0,63.14220518331489,0,0,0,0,0.1658203125,,
21.144553150000025,1343.75,,,,-0.07689453125,0.04330078125,-0.968515625,-0.00022432948482426548,0.041086163435207615,23.815386205428375,3.003119853384109,0,0,71.52046820565958,0,0,0,0,0.81681640625,,
27.771394850000032,1400,,,,-0.06826171875,0.033125,-0.97837890625,-0.0003499444789930623,0.05960723323590485,23.805588410784924,3.449818413037747,0,0,82.12495848173519,0,0,0,0,0.371875,,
