Time (s),ESC signal (µs),Servo 1 (µs),Servo 2 (µs),Servo 3 (µs),AccX (g),AccY (g),AccZ (g),Torque (N·m),Thrust (kgf),Voltage (V),Current (A),Motor Electrical Speed (RPM),Motor Optical Speed (RPM),Electrical Power (W),Mechanical Power (W),Motor Efficiency (%),Propeller Mech. Efficiency (kgf/W),Overall Efficiency (kgf/W),Left Load Cell (mV),Right Load Cell (mV),Thrust Load Cell (mV),Vibration (g),Burst Current Cutoff (A),Pin State 1,Pin State 2,Pin State 3,Pin State 4,Debug 0,Debug 1,Debug 2,Debug 3,App message,
1.2366721499993936,1000,,,,-0.06302734375,0.02984375,-0.9690234375,0.00010502802494995382,-0.0004228340708195466,24.096153836499724,1.9265906852163939,0,0,46.423380334886176,0,0,0,0,0.22549264854518136,-0.7863427051150502,-0.5071295772805847,0.1111328125,1.9143127142052614,0.08,1,1,1,0,0,0,0,,
1.2203856000001259,1050,,,,-0.0629296875,0.0286328125,-0.9674609375,0.00010358264428463165,-0.0003433146317500746,24.096454214050013,1.8931349996614342,0,0,45.617841749633854,0,0,0,0,0.22542311942735777,-0.7862390044496143,-0.5070500578415155,0.0615625,1.899568886213578,0.05,1,1,1,0,0,0,0,,
7.51536125000008,1088.8888888888903,,,,-0.06080078125,0.0303515625,-0.9755859375,-0.0001438014084615159,-0.0010396255371572783,24.095278425690687,1.9566665322872683,2563,0,47.14642509508491,0.03927457192893298,0.08331618023914508,0.03623455080871506,0.00002238541689056524,0.22666724357668322,-0.7856626993963777,-0.5077463687469219,0.095625,1.9426641194628953,0.04,1,1,1,0,0,0,0,,
13.853443850000167,1127.77777777778,,,,-0.06365234375,0.0345703125,-0.97724609375,-0.0005191270576528338,-0.003037417316848203,24.093276460902654,2.0403209300788037,4411,0,49.15801579807951,0.2397539537720271,0.4876520356613292,0.013330421073610517,0.00006179654435971613,0.22800185697992742,-0.7840659433356555,-0.5097441605266133,0.10412109375,2.018754366226539,0.05,1,1,1,0,0,0,0,,
