Time (s),ESC signal (µs),Servo 1 (µs),Servo 2 (µs),Servo 3 (µs),AccX (g),AccY (g),AccZ (g),Torque (N·m),Thrust (kgf),Voltage (V),Current (A),Motor Electrical Speed (RPM),Motor Optical Speed (RPM),Electrical Power (W),Mechanical Power (W),Motor Efficiency (%),Propeller Mech. Efficiency (kgf/W),Overall Efficiency (kgf/W),Vibration (g),App message,
1.2438578000005152,1000,,,,-0.0625,0.02787109375,-0.96326171875,0.000027212301144193146,-0.00038400524818492653,23.968523542907132,1.8669556226350312,0,0,44.748169385081574,0,0,0,0,0.05859375,,
1.2765166000002062,1050,,,,-0.0625,0.02791015625,-0.9633984375,0.000004680609335439547,-0.00017661961809389948,23.96798642108006,1.865485627337313,0,0,44.71193411654219,0,0,0,0,0.05859375,,
7.657664450000251,1088.8888888888903,,,,-0.0625,0.02787109375,-0.9633203125,0.000034262600384969325,-0.0003709229621648491,23.96810570270853,1.8666020770203153,0,0,44.73891617866407,0,0,0,0,0.05859375,,
14.028845000000185,1127.77777777778,,,,-0.0625,0.02775390625,-0.963203125,0.00008704479810565923,-0.0002954387731494201,23.968397019321284,1.8679618780196712,0,0,44.77205245443495,0,0,0,0,0.05859375,,
20.40733605000025,1166.666666666668,,,,-0.0625,0.0279296875,-0.9634375,0.00002003117649268359,-0.0006596130763842456,23.96858835271676,1.8674876053531428,0,0,44.7610421699806,0,0,0,0,0.05859375,,
