Time (s),ESC signal (µs),Servo 1 (µs),Servo 2 (µs),Servo 3 (µs),AccX (g),AccY (g),AccZ (g),Torque (N·m),Thrust (kgf),Voltage (V),Current (A),Motor Electrical Speed (RPM),Motor Optical Speed (RPM),Electrical Power (W),Mechanical Power (W),Motor Efficiency (%),Propeller Mech. Efficiency (kgf/W),Overall Efficiency (kgf/W),Vibration (g),App message,
1.2264083000000365,1000,,,,-0.0625,0.0289453125,-0.96873046875,0.00005106053078138652,-0.0005290809420781057,23.831406871864843,1.8905314247226013,0,0,45.05402331612891,0,0,0,0,0.0587109375,,
1.240429599999999,1050,,,,-0.062421875,0.028515625,-0.971171875,-0.000023731835980305827,0.00011380887334747236,23.83144296697743,1.897685516281758,0,0,45.22458440723835,0,0,0,0,0.06828125,,
8.410790449999991,1131.25,,,,-0.06677734375,0.02830078125,-0.97263671875,-0.000021284194688757122,0.0032959960393829078,23.827816871371457,2.0482579210585583,4482,0,48.805513798941405,0.05952033265414081,0.12197761701114343,0.034865615574405304,0.00006753178696739057,0.12326171875,,
15.573969199999988,1212.5,,,,-0.061484375,0.0301953125,-0.97478515625,-0.00004494437467721523,0.01424761870651706,23.822607601145478,2.3039628811403823,8283,0,54.8864040980341,0.1526742070183139,0.2781992659753161,0.027758882205218032,0.00025960366704068177,0.19623046875,,
22.790109399999988,1293.75,,,,-0.06751953125,0.0357421875,-0.9775390625,-0.000295669637185592,0.030691675004212864,23.81650566134088,2.674089307679935,11912,0,63.687462947675286,0.36887819182469583,0.5791404166506677,0.05777711933982801,0.0004819112983696683,0.161953125,,
