Time (s),ESC signal (µs),Servo 1 (µs),Servo 2 (µs),Servo 3 (µs),AccX (g),AccY (g),AccZ (g),Torque (N·m),Thrust (kgf),Voltage (V),Current (A),Motor Electrical Speed (RPM),Motor Optical Speed (RPM),Electrical Power (W),Mechanical Power (W),Motor Efficiency (%),Propeller Mech. Efficiency (kgf/W),Overall Efficiency (kgf/W),Vibration (g),App message,
1.257491499999976,1000,,,,-0.0625,0.0278125,-0.96353515625,-0.0002489060021161695,0.0002455071380126328,24.027765818746325,1.920400849923102,0,0,46.14294230906957,0,0,0,0,0.0589453125,,
1.3155246000003717,1050,,,,-0.06337890625,0.02884765625,-0.96421875,-0.00017667361771454574,0.000574245836363828,24.028462333072508,1.930834884004545,0,0,46.39499265577687,0,0,0,0,0.06181640625,,
