Time (s),ESC signal (µs),Servo 1 (µs),Servo 2 (µs),Servo 3 (µs),AccX (g),AccY (g),AccZ (g),Torque (N·m),Thrust (kgf),Voltage (V),Current (A),Motor Electrical Speed (RPM),Motor Optical Speed (RPM),Electrical Power (W),Mechanical Power (W),Motor Efficiency (%),Propeller Mech. Efficiency (kgf/W),Overall Efficiency (kgf/W),Vibration (g),App message,
1.2518132499999017,1000,,,,-0.0625,0.02845703125,-0.96853515625,0.00004809459260940885,-0.00015415536153396913,23.836360650257003,1.8895089873035327,0,0,45.039017944608275,0,0,0,0,0.05884765625,,
1.2444425000000174,1050,,,,-0.06216796875,0.02779296875,-0.97322265625,-0.00011630042082932804,0.00004341486712904241,23.83642143767464,1.8974862087605402,0,0,45.229280707365746,0,0,0,0,0.06943359375,,
8.414346800000025,1131.25,,,,-0.06935546875,0.029921875,-0.974765625,-0.00021564649260491324,0.0043013820609041084,23.83303357239472,2.046257269089817,4472,0,48.768518469705675,0.10101992620455366,0.20709099896120978,0.040069701769123195,0.00008819118002786948,0.121171875,,
15.566108850000026,1212.5,,,,-0.0671875,0.031171875,-0.9750390625,-0.00029678261670975997,0.014483507550921131,23.828241982610816,2.2982948464909363,8271,0,54.764327931028845,0.2662201799978088,0.4862538388192829,0.044405227975654216,0.0002644685181984345,0.193984375,,
22.718684150000026,1293.75,,,,-0.06185546875,0.0267578125,-0.98009765625,-0.00015322198877447423,0.030760849979881072,23.820485924432788,2.672553241370305,11888,0,63.66151668481412,0.23176780071244743,0.3643910412296835,0.019586874633038223,0.00048318707373059606,0.16501953125,,
