Time (s),ESC signal (µs),Servo 1 (µs),Servo 2 (µs),Servo 3 (µs),AccX (g),AccY (g),AccZ (g),Torque (N·m),Thrust (kgf),Voltage (V),Current (A),Motor Electrical Speed (RPM),Motor Optical Speed (RPM),Electrical Power (W),Mechanical Power (W),Motor Efficiency (%),Propeller Mech. Efficiency (kgf/W),Overall Efficiency (kgf/W),Vibration (g),App message,
1.265406449999316,1000,,,,-0.0625,0.0277734375,-0.9637890625,0.00003803313471693097,0.001439414316412456,24.02831925006975,1.9205072627576778,0,0,46.146561888712974,0,0,0,0,0.05859375,,
1.2437619999995269,1050,,,,-0.06296875,0.02873046875,-0.9640625,0.000005567990596353104,0.0012782538389915165,24.02820561633407,1.9293801797106307,0,0,46.3595437229195,0,0,0,0,0.0626953125,,
7.577200999999597,1088.8888888888903,,,,-0.0617578125,0.03591796875,-0.97498046875,-0.00007720515215733644,-0.0001412414243402671,24.02777905154055,1.992180309847823,2527,0,47.86766832646964,0.031362407088644025,0.06550433380476375,0.03214924316293845,0.000008092481368353415,0.101796875,,
