Time (s),ESC signal (µs),Servo 1 (µs),Servo 2 (µs),Servo 3 (µs),AccX (g),AccY (g),AccZ (g),Torque (N·m),Thrust (kgf),Voltage (V),Current (A),Motor Electrical Speed (RPM),Motor Optical Speed (RPM),Electrical Power (W),Mechanical Power (W),Motor Efficiency (%),Propeller Mech. Efficiency (kgf/W),Overall Efficiency (kgf/W),Left Load Cell (mV),Right Load Cell (mV),Thrust Load Cell (mV),Vibration (g),Burst Current Cutoff (A),Pin State 1,Pin State 2,Pin State 3,Pin State 4,Debug 0,Debug 1,Debug 2,Debug 3,App message,
1.2387369500001892,1000,,,,-0.0625,0.02908203125,-0.96671875,0.00015599116031947435,0.000032670751569545684,24.08377858363979,1.8984229132066133,0,0,45.72119745565699,0,0,0,0,0.24120777742729502,-0.5461198737598653,-0.5027066554731586,0.05859375,1.8981279850909902,0.01,1,1,1,0,0,0,0,,
1.271002999999328,1050,,,,-0.0625,0.0288671875,-0.9666796875,0.0003009429178204291,0.00015566807480080436,24.084297416335644,1.8978096411596102,0,0,45.70741168095881,0,0,0,0,0.24028542947234446,-0.5462049255234592,-0.5025836581499272,0.05859375,1.8984120068684198,0.03,1,1,1,0,0,0,0,,
7.866888149999392,1088.8888888888903,,,,-0.0625,0.0292578125,-0.96681640625,0.00019529548261156194,0.0005788213453742597,24.08444733582701,1.8967597314325402,0,0,45.68241002621631,0,0,0,0,0.24066672609675296,-0.5457628186547863,-0.5021605048793534,0.05859375,1.8977754421595305,0.06,1,1,1,0,0,0,0,,
