Time (s),ESC signal (µs),Servo 1 (µs),Servo 2 (µs),Servo 3 (µs),AccX (g),AccY (g),AccZ (g),Torque (N·m),Thrust (kgf),Voltage (V),Current (A),Motor Electrical Speed (RPM),Motor Optical Speed (RPM),Electrical Power (W),Mechanical Power (W),Motor Efficiency (%),Propeller Mech. Efficiency (kgf/W),Overall Efficiency (kgf/W),Left Load Cell (mV),Right Load Cell (mV),Thrust Load Cell (mV),Vibration (g),Burst Current Cutoff (A),Pin State 1,Pin State 2,Pin State 3,Pin State 4,Debug 0,Debug 1,Debug 2,Debug 3,App message,
1.2446743500001447,1000,,,,-0.0625,0.028828125,-0.9665234375,0.000022781539862616668,-0.0009619934887358261,24.083287070131984,1.8959203679700116,0,0,45.65999441276858,0,0,0,0,0.24545491503187977,-0.5472483898371931,-0.5038305775226433,0.05859375,1.8960852672456812,0.06,1,1,1,0,0,0,0,,
1.3496899999999348,1050,,,,-0.0625,0.02876953125,-0.966640625,-0.00005290975952800202,-0.00032542859528613246,24.083744678069806,1.8972937411795656,0,0,45.693937826554865,0,0,0,0,0.24561834746895364,-0.5467882600956175,-0.503194012629193,0.05859375,1.8973247563520113,0.04,1,1,1,0,0,0,0,,
7.806986799999906,1088.8888888888903,,,,-0.0625,0.0291015625,-0.96662109375,-0.0000041731905659399394,-0.00027706812927718704,24.08356432396658,1.899573163932041,0,0,45.74849288053022,0,0,0,0,0.24552369562509074,-0.547098353548002,-0.503145652163184,0.05859375,1.8993145570713657,0.03,1,1,1,0,0,0,0,,
14.18199294999993,1127.77777777778,,,,-0.0625,0.0290625,-0.966875,-0.0000620636234836117,-0.0007190734923791975,24.083713078515867,1.897354303425011,0,0,45.69533646532061,0,0,0,0,0.24568158067006085,-0.5467894028605622,-0.5035876575262868,0.05859375,1.8985764395172868,0.05,1,1,1,0,0,0,0,,
20.680751949999934,1166.666666666668,,,,-0.0625,0.0291015625,-0.96677734375,-0.00017254579445668934,-0.00032609266653673807,24.083713133689134,1.8946414620865641,0,0,45.63000136380922,0,0,0,0,0.24636824855911638,-0.5467032219272209,-0.5031946767004436,0.05859375,1.8958961514870933,0.06,1,1,1,0,0,0,0,,
